iter	RMSE
0	35.74419405
100	23.85826909
200	21.68613266
300	20.45438983
400	19.61708056
500	18.91791666
600	18.31807303
700	17.80594734
800	17.35400823
900	16.90642699
1000	16.54743008
1100	16.17295583
1200	15.85412366
1300	15.52538839
1400	15.23769504
1500	14.93040898
1600	14.65609496
1700	14.39474658
1800	14.14073913
1900	13.9056716
1999	13.68012833
